<?xml version="1.0" encoding="UTF-8"?>
<project-private xmlns="http://www.netbeans.org/ns/project-private/1">
    <data xmlns="http://www.netbeans.org/ns/make-project-private/1">
        <activeConfTypeElem>1</activeConfTypeElem>
        <activeConfIndexElem>0</activeConfIndexElem>
    </data>
    <editor-bookmarks xmlns="http://www.netbeans.org/ns/editor-bookmarks/2" lastBookmarkId="0"/>
    <open-files xmlns="http://www.netbeans.org/ns/projectui-open-files/2">
        <group>
            <file>file:/C:/Users/16263/Documents/NetBeansProjects/CSC-17A_Project2_V17_LoopForEntireGame/Player.h</file>
            <file>file:/C:/Users/16263/Documents/NetBeansProjects/CSC-17A_Project2_V17_LoopForEntireGame/AI.cpp</file>
            <file>file:/C:/Users/16263/Documents/NetBeansProjects/CSC-17A_Project2_V17_LoopForEntireGame/Card.h</file>
            <file>file:/C:/Users/16263/Documents/NetBeansProjects/CSC-17A_Project2_V17_LoopForEntireGame/main.cpp</file>
            <file>file:/C:/Users/16263/Documents/NetBeansProjects/CSC-17A_Project2_V17_LoopForEntireGame/AI.h</file>
            <file>file:/C:/Users/16263/Documents/NetBeansProjects/CSC-17A_Project2_V17_LoopForEntireGame/Card.cpp</file>
            <file>file:/C:/Users/16263/Documents/NetBeansProjects/CSC-17A_Project2_V17_LoopForEntireGame/Hand.cpp</file>
            <file>file:/C:/Users/16263/Documents/NetBeansProjects/CSC-17A_Project2_V17_LoopForEntireGame/Hand.h</file>
            <file>file:/C:/Users/16263/Documents/NetBeansProjects/CSC-17A_Project2_V17_LoopForEntireGame/AbsPlyr.h</file>
            <file>file:/C:/Users/16263/Documents/NetBeansProjects/CSC-17A_Project2_V17_LoopForEntireGame/Player.cpp</file>
            <file>file:/C:/Users/16263/Documents/NetBeansProjects/CSC-17A_Project2_V17_LoopForEntireGame/Deck.h</file>
        </group>
    </open-files>
</project-private>
